Timestamp,Uptime(s),Voltage(V),Temp(C),Humidity(%),PacketID,RSSI (dBm),SNR (dB)
2025-03-25 14:10:07,2.0,4.95,24.6,57.0,0,-51,9.0
2025-03-25 14:10:25,2.0,4.95,24.7,56.6,1,-52,9.0
2025-03-25 14:10:43,2.0,4.95,24.7,56.5,2,-55,9.0
2025-03-25 14:11:01,2.0,4.95,24.8,56.7,3,-49,9.0
2025-03-25 14:11:19,2.0,4.95,24.8,56.4,4,-52,9.0
2025-03-25 14:11:37,2.0,4.95,24.8,56.3,5,-49,9.0
2025-03-25 14:11:55,2.0,4.95,24.8,56.4,6,-48,9.0
2025-03-25 14:12:13,2.0,4.95,24.8,56.3,7,-49,10.0
2025-03-25 14:12:31,2.0,4.95,24.8,56.2,8,-50,9.0
2025-03-25 14:12:49,2.0,4.95,24.8,55.8,9,-49,10.0
2025-03-25 14:13:07,2.0,4.95,24.9,55.8,10,-53,9.0
2025-03-25 14:13:25,2.0,4.95,24.9,55.6,11,-48,9.0
2025-03-25 14:13:43,2.0,4.95,24.9,55.6,12,-49,9.0
2025-03-25 14:14:01,2.0,4.95,25.0,55.5,13,-48,9.0
2025-03-25 14:14:19,2.0,4.95,24.9,55.6,14,-48,9.0
2025-03-25 14:14:37,2.0,4.95,25.0,55.3,15,-49,9.0
2025-03-25 14:14:55,2.0,4.95,25.0,55.1,16,-55,9.0
2025-03-25 14:15:13,2.0,4.95,25.0,55.2,17,-55,9.0
2025-03-25 14:15:31,2.0,4.95,25.0,55.3,18,-51,9.0
2025-03-25 14:15:49,2.0,4.95,25.0,55.2,19,-47,9.0
2025-03-25 14:16:07,2.0,4.95,25.0,55.1,20,-68,10.0
2025-03-25 14:16:25,2.0,4.95,25.0,55.1,21,-65,9.0
2025-03-25 14:16:43,2.0,4.95,25.0,55.4,22,-59,9.0
2025-03-25 14:17:01,2.0,4.95,25.1,55.2,23,-71,9.0
2025-03-25 14:17:19,2.0,4.95,25.1,55.2,24,-57,9.0
2025-03-25 14:17:37,2.0,4.95,25.1,55.3,25,-54,9.0
2025-03-25 14:17:55,2.0,4.95,25.1,55.1,26,-54,9.0
2025-03-25 14:18:13,2.0,4.95,25.1,55.2,27,-50,9.0
2025-03-25 14:18:31,2.0,4.95,25.1,55.2,28,-53,9.0
2025-03-25 14:18:49,2.0,4.95,25.2,55.2,29,-56,9.0
2025-03-25 14:19:07,2.0,4.95,25.2,55.1,30,-42,9.0
2025-03-25 14:19:25,2.0,4.95,25.2,55.0,31,-52,9.0
2025-03-25 14:19:43,2.0,4.95,25.2,54.9,32,-51,9.0
2025-03-25 14:20:01,2.0,4.95,25.3,54.5,33,-48,9.0
2025-03-25 14:20:19,2.0,4.95,25.3,55.0,34,-58,9.0
2025-03-25 14:20:37,2.0,4.95,25.3,54.6,35,-52,9.0
2025-03-25 14:20:55,2.0,4.94,25.3,54.7,36,-58,9.0
2025-03-25 14:21:13,2.0,4.94,25.3,54.6,37,-63,9.0
2025-03-25 14:21:31,2.0,4.93,25.4,54.6,38,-56,9.0
2025-03-25 14:21:49,2.0,4.93,25.4,54.8,39,-56,9.0
2025-03-25 14:22:07,2.0,4.93,25.4,54.5,40,-61,9.0
2025-03-25 14:22:25,2.0,4.93,25.5,54.1,41,-55,9.0
2025-03-25 14:22:43,2.0,4.92,25.4,54.1,42,-53,9.0
2025-03-25 14:23:01,2.0,4.92,25.5,54.1,43,-52,10.0
2025-03-25 14:23:19,2.0,4.92,25.5,54.2,44,-49,9.0
2025-03-25 14:23:37,2.0,4.91,25.6,54.1,45,-61,10.0
2025-03-25 14:23:55,2.0,4.91,25.5,54.1,46,-64,9.0
2025-03-25 14:24:13,2.0,4.91,25.5,54.0,47,-64,9.0
2025-03-25 14:24:31,2.0,4.9,25.6,54.0,48,-64,9.0
2025-03-25 14:24:49,2.0,4.9,25.6,53.7,49,-61,9.0
2025-03-25 14:25:07,2.0,4.9,25.6,53.2,50,-57,9.0
2025-03-25 14:25:25,2.0,4.89,25.6,53.2,51,-55,9.0
2025-03-25 14:25:43,2.0,4.89,25.5,53.1,52,-54,9.0
2025-03-25 14:26:01,2.0,4.89,25.5,53.2,53,-54,9.0
2025-03-25 14:26:19,2.0,4.89,25.5,53.3,54,-55,9.0
2025-03-25 14:26:37,2.0,4.88,25.5,53.1,55,-54,9.0
2025-03-25 14:26:55,2.0,4.88,25.5,53.0,56,-55,9.0
2025-03-25 14:27:13,2.0,4.88,25.5,52.7,57,-56,9.0
2025-03-25 14:27:31,2.0,4.87,25.5,52.8,58,-55,9.0
2025-03-25 14:27:49,2.0,4.87,25.5,52.8,59,-55,9.0
2025-03-25 14:28:07,2.0,4.87,25.5,53.0,60,-55,9.0
2025-03-25 14:28:25,2.0,4.86,25.5,53.1,61,-55,9.0
2025-03-25 14:28:43,2.0,4.86,25.6,53.0,62,-57,9.0
2025-03-25 14:29:01,2.0,4.86,25.6,53.0,63,-59,9.0
2025-03-25 14:29:19,2.0,4.85,25.6,53.2,64,-61,9.0
2025-03-25 14:29:37,2.0,4.85,25.7,53.1,65,-59,9.0
2025-03-25 14:29:55,2.0,4.85,25.7,53.1,66,-61,9.0
2025-03-25 14:30:13,2.0,4.85,25.7,53.0,67,-60,9.0
2025-03-25 14:30:31,2.0,4.84,25.7,52.8,68,-58,9.0
2025-03-25 14:30:49,2.0,4.84,25.7,52.8,69,-58,9.0
2025-03-25 14:31:07,2.0,4.83,25.8,52.8,70,-50,9.0
2025-03-25 14:31:43,2.0,4.83,25.8,52.7,72,-50,9.0
2025-03-25 14:32:01,2.0,4.83,25.8,52.6,73,-50,9.0
2025-03-25 14:32:19,2.0,4.83,25.9,52.4,74,-50,9.0
2025-03-25 14:32:37,2.0,4.82,25.9,52.7,75,-50,9.0
2025-03-25 14:32:55,2.0,4.82,25.9,52.6,76,-50,9.0
2025-03-25 14:33:13,2.0,4.82,26.0,52.5,77,-49,9.0
2025-03-25 14:33:31,2.0,4.81,26.0,52.4,78,-50,9.0
2025-03-25 14:33:49,2.0,4.81,26.0,52.3,79,-50,10.0
2025-03-25 14:34:07,2.0,4.81,26.0,52.3,80,-50,9.0
2025-03-25 14:34:25,2.0,4.8,26.0,52.1,81,-50,9.0
2025-03-25 14:34:43,2.0,4.8,26.1,52.1,82,-50,9.0
2025-03-25 14:35:01,2.0,4.8,26.1,52.0,83,-50,9.0
2025-03-25 14:35:19,2.0,4.8,26.1,52.0,84,-51,9.0
2025-03-25 14:35:37,2.0,4.8,26.1,52.0,85,-50,9.0
2025-03-25 14:35:55,2.0,4.8,26.1,52.0,86,-50,9.0
2025-03-25 14:36:13,2.0,4.8,26.2,51.7,87,-50,9.0
2025-03-25 14:36:31,2.0,4.79,26.2,51.7,88,-51,9.0
2025-03-25 14:36:49,2.0,4.79,26.2,51.7,89,-51,9.0
2025-03-25 14:37:07,2.0,4.78,26.3,51.7,90,-51,9.0
2025-03-25 14:37:25,2.0,4.78,26.3,51.6,91,-50,9.0
2025-03-25 14:37:43,2.0,4.78,26.3,51.4,92,-49,10.0
2025-03-25 14:38:01,2.0,4.78,26.3,51.5,93,-49,9.0
2025-03-25 14:38:19,2.0,4.77,26.4,51.4,94,-51,9.0
2025-03-25 14:38:37,2.0,4.77,26.4,51.4,95,-50,9.0
2025-03-25 14:38:55,2.0,4.77,26.4,51.2,96,-50,9.0
2025-03-25 14:39:13,2.0,4.77,26.5,51.1,97,-50,9.0
2025-03-25 14:39:31,2.0,4.76,26.4,51.0,98,-50,9.0
2025-03-25 14:39:49,2.0,4.76,26.5,51.1,99,-50,9.0
2025-03-25 14:40:07,2.0,4.76,26.5,50.9,100,-50,10.0
2025-03-25 14:40:25,2.0,4.75,26.6,50.8,101,-49,10.0
2025-03-25 14:40:43,2.0,4.75,26.6,50.8,102,-49,9.0
2025-03-25 14:41:01,2.0,4.75,26.6,50.9,103,-50,10.0
2025-03-25 14:41:19,2.0,4.74,26.6,50.7,104,-49,10.0
2025-03-25 14:41:37,2.0,4.74,26.6,50.6,105,-49,10.0
2025-03-25 14:41:55,2.0,4.74,26.7,50.7,106,-50,10.0
2025-03-25 14:42:13,2.0,4.74,26.7,50.6,107,-49,9.0
2025-03-25 14:42:31,2.0,4.73,26.7,50.4,108,-54,10.0
2025-03-25 14:42:49,2.0,4.73,26.7,50.4,109,-55,9.0
2025-03-25 14:43:07,2.0,4.73,26.8,50.5,110,-53,9.0
2025-03-25 14:43:25,2.0,4.72,26.8,50.4,111,-52,10.0
2025-03-25 14:43:43,2.0,4.73,26.8,50.5,112,-56,9.0
2025-03-25 14:44:01,2.0,4.72,26.8,50.8,113,-54,9.0
2025-03-25 14:44:19,2.0,4.71,26.8,50.5,114,-63,9.0
2025-03-25 14:44:37,2.0,4.72,26.9,50.7,115,-65,10.0
2025-03-25 14:44:55,2.0,4.71,26.9,50.3,116,-52,10.0
2025-03-25 14:45:13,2.0,4.71,26.9,50.4,117,-53,10.0
2025-03-25 14:45:31,2.0,4.71,26.9,50.5,118,-52,9.0
2025-03-25 14:45:49,2.0,4.7,27.0,50.3,119,-56,10.0
2025-03-25 14:46:07,2.0,4.7,27.0,50.3,120,-54,9.0
2025-03-25 14:46:25,2.0,4.7,27.0,49.9,121,-58,10.0
2025-03-25 14:46:43,2.0,4.69,27.0,50.0,122,-57,9.0
2025-03-25 14:47:01,2.0,4.69,27.0,50.0,123,-51,9.0
2025-03-25 14:47:19,2.0,4.69,27.1,50.0,124,-58,10.0
2025-03-25 14:47:37,2.0,4.69,27.1,50.0,125,-56,10.0
2025-03-25 14:47:55,2.0,4.68,27.1,49.9,126,-57,9.0
2025-03-25 14:48:13,2.0,4.68,27.1,49.9,127,-55,9.0
2025-03-25 14:48:31,2.0,4.68,27.2,49.9,128,-55,9.0
2025-03-25 14:48:49,2.0,4.67,27.2,49.7,129,-56,9.0
2025-03-25 14:49:07,2.0,4.67,27.2,49.8,130,-57,10.0
2025-03-25 14:49:25,2.0,4.67,27.2,49.7,131,-55,9.0
2025-03-25 14:49:43,2.0,4.66,27.3,49.6,132,-49,9.0
2025-03-25 14:50:01,2.0,4.66,27.3,49.8,133,-49,9.0
2025-03-25 14:50:19,2.0,4.66,27.3,49.6,134,-49,9.0
2025-03-25 14:50:37,2.0,4.66,27.3,49.8,135,-49,10.0
2025-03-25 14:50:55,2.0,4.65,27.3,49.7,136,-49,9.0
2025-03-25 14:51:13,2.0,4.65,27.3,49.4,137,-49,10.0
2025-03-25 14:51:31,2.0,4.65,27.4,49.5,138,-49,9.0
2025-03-25 14:51:49,2.0,4.65,27.4,49.3,139,-49,10.0
2025-03-25 14:52:07,2.0,4.65,27.4,49.5,140,-49,10.0
2025-03-25 14:52:25,2.0,4.64,27.5,49.2,141,-49,9.0
2025-03-25 14:52:43,2.0,4.64,27.5,49.3,142,-49,9.0
2025-03-25 14:53:01,2.0,4.64,27.5,49.1,143,-49,9.0
2025-03-25 14:53:19,2.0,4.64,27.5,49.0,144,-49,9.0
2025-03-25 14:53:37,2.0,4.63,27.6,48.9,145,-49,9.0
2025-03-25 14:53:55,2.0,4.63,27.6,48.8,146,-48,10.0
2025-03-25 14:54:13,2.0,4.63,27.6,48.7,147,-48,10.0
2025-03-25 14:54:31,2.0,4.63,27.6,48.7,148,-48,10.0
2025-03-25 14:54:49,2.0,4.62,27.7,48.5,149,-49,9.0
2025-03-25 14:55:07,2.0,4.62,27.7,48.7,150,-49,10.0
2025-03-25 14:55:25,2.0,4.62,27.7,48.6,151,-49,9.0
2025-03-25 14:55:43,2.0,4.61,27.7,48.5,152,-48,10.0
2025-03-25 14:56:01,2.0,4.61,27.7,48.6,153,-49,9.0
2025-03-25 14:56:19,2.0,4.61,27.8,48.3,154,-49,10.0
2025-03-25 14:56:37,2.0,4.61,27.8,48.5,155,-49,10.0
2025-03-25 14:56:55,2.0,4.6,27.8,48.1,156,-49,9.0
2025-03-25 14:57:13,2.0,4.6,27.9,48.1,157,-49,9.0
2025-03-25 14:57:31,2.0,4.6,27.9,48.1,158,-48,10.0
2025-03-25 14:57:49,2.0,4.59,27.9,48.2,159,-49,9.0
2025-03-25 14:58:07,2.0,4.6,27.9,48.1,160,-48,9.0
2025-03-25 14:58:25,2.0,4.59,28.0,48.0,161,-49,10.0
2025-03-25 14:58:43,2.0,4.59,28.0,47.8,162,-49,10.0
2025-03-25 14:59:01,2.0,4.58,28.0,47.9,163,-48,10.0
2025-03-25 14:59:19,2.0,4.58,28.1,47.9,164,-49,10.0
2025-03-25 14:59:37,2.0,4.58,28.1,47.8,165,-49,9.0
2025-03-25 14:59:55,2.0,4.58,28.1,47.8,166,-50,10.0
2025-03-25 15:00:13,2.0,4.57,28.1,47.7,167,-49,9.0
2025-03-25 15:00:31,2.0,4.57,28.1,47.6,168,-48,10.0
2025-03-25 15:00:49,2.0,4.56,28.2,47.6,169,-48,9.0
2025-03-25 15:01:07,2.0,4.57,28.2,47.5,170,-49,9.0
2025-03-25 15:01:25,2.0,4.56,28.1,47.6,171,-48,10.0
2025-03-25 15:01:43,2.0,4.56,28.2,47.5,172,-48,9.0
2025-03-25 15:02:01,2.0,4.56,28.2,47.4,173,-49,9.0
2025-03-25 15:02:19,2.0,4.55,28.2,47.7,174,-49,10.0
2025-03-25 15:02:37,2.0,4.55,28.2,47.6,175,-48,9.0
2025-03-25 15:02:55,2.0,4.55,28.2,47.6,176,-48,10.0
2025-03-25 15:03:13,2.0,4.54,28.3,47.7,177,-48,10.0
2025-03-25 15:03:31,2.0,4.54,28.2,47.5,178,-49,9.0
2025-03-25 15:03:49,2.01,4.54,28.3,47.4,179,-49,10.0
2025-03-25 15:04:07,2.0,4.54,28.3,47.5,180,-49,10.0
2025-03-25 15:04:25,2.0,4.53,28.3,47.2,181,-48,10.0
2025-03-25 15:04:43,2.0,4.53,28.3,47.2,182,-49,9.0
2025-03-25 15:05:01,2.0,4.53,28.4,47.1,183,-49,9.0
2025-03-25 15:05:19,2.0,4.52,28.4,47.3,184,-50,9.0
2025-03-25 15:05:37,2.0,4.53,28.3,47.2,185,-54,9.0
2025-03-25 15:05:55,2.0,4.52,28.4,47.2,186,-52,9.0
2025-03-25 15:06:13,2.0,4.51,28.4,47.2,187,-54,10.0
2025-03-25 15:06:31,2.0,4.51,28.4,47.1,188,-55,10.0
2025-03-25 15:06:49,2.0,4.51,28.5,47.1,189,-52,10.0
2025-03-25 15:07:07,2.0,4.51,28.5,46.9,190,-51,10.0
2025-03-25 15:07:25,2.0,4.51,28.5,47.0,191,-55,10.0
2025-03-25 15:07:43,2.0,4.5,28.6,47.0,192,-51,9.0
2025-03-25 15:08:01,2.0,4.5,28.6,46.7,193,-51,10.0
2025-03-25 15:08:19,2.0,4.5,28.6,46.9,194,-52,10.0
2025-03-25 15:08:37,2.01,4.5,28.6,46.7,195,-49,10.0
2025-03-25 15:08:55,2.0,4.5,28.6,46.5,196,-50,10.0
2025-03-25 15:09:13,2.0,4.49,28.6,46.5,197,-50,10.0
2025-03-25 15:09:31,2.0,4.49,28.7,46.8,198,-49,9.0
2025-03-25 15:09:49,2.0,4.49,28.7,46.5,199,-50,10.0
2025-03-25 15:10:07,2.0,4.48,28.7,46.5,200,-51,9.0
2025-03-25 15:10:25,2.0,4.48,28.7,46.5,201,-50,10.0
2025-03-25 15:10:43,2.0,4.48,28.7,46.3,202,-50,9.0
2025-03-25 15:11:01,2.0,4.48,28.8,46.3,203,-50,10.0
2025-03-25 15:11:19,2.0,4.47,28.8,46.3,204,-52,10.0
2025-03-25 15:11:37,2.0,4.47,28.8,46.2,205,-55,10.0
2025-03-25 15:11:55,2.0,4.47,28.8,46.0,206,-52,10.0
2025-03-25 15:12:13,2.0,4.46,28.8,46.1,207,-55,9.0
2025-03-25 15:12:31,2.0,4.46,28.9,46.1,208,-55,9.0
2025-03-25 15:12:49,2.0,4.46,28.9,46.2,209,-65,9.0
2025-03-25 15:13:07,2.0,4.46,28.9,46.2,210,-65,9.0
2025-03-25 15:13:25,2.0,4.45,28.9,45.9,211,-65,9.0
2025-03-25 15:13:43,2.0,4.45,28.9,46.0,212,-55,9.0
2025-03-25 15:14:01,2.0,4.45,29.0,46.2,213,-61,11.0
2025-03-25 15:14:19,2.0,4.45,29.0,46.0,214,-60,10.0
2025-03-25 15:14:37,2.0,4.44,29.0,45.9,215,-63,10.0
2025-03-25 15:14:55,2.0,4.44,29.0,45.8,216,-63,9.0
2025-03-25 15:15:13,2.0,4.44,29.0,45.8,217,-64,10.0
2025-03-25 15:15:31,2.0,4.43,29.0,45.6,218,-63,10.0
2025-03-25 15:15:49,2.0,4.43,29.0,45.6,219,-64,10.0
2025-03-25 15:16:07,2.0,4.43,29.1,45.7,220,-64,9.0
2025-03-25 15:16:25,2.0,4.43,29.1,45.5,221,-63,10.0
2025-03-25 15:16:43,2.0,4.42,29.1,45.6,222,-63,10.0
2025-03-25 15:17:01,2.0,4.42,29.1,45.7,223,-61,10.0
2025-03-25 15:17:19,2.0,4.42,29.2,45.5,224,-64,10.0
2025-03-25 15:17:37,2.0,4.42,29.2,45.5,225,-64,10.0
2025-03-25 15:17:55,2.0,4.41,29.2,45.6,226,-64,9.0
2025-03-25 15:18:13,2.0,4.41,29.2,45.7,227,-65,10.0
2025-03-25 15:18:31,2.0,4.4,29.3,45.4,228,-54,9.0
2025-03-25 15:18:49,2.0,4.4,29.3,45.6,229,-63,10.0
2025-03-25 15:19:07,2.0,4.4,29.3,45.5,230,-58,9.0
2025-03-25 15:19:25,2.0,4.4,29.3,45.3,231,-64,10.0
2025-03-25 15:19:43,2.0,4.39,29.3,45.5,232,-64,10.0
2025-03-25 15:20:01,2.0,4.39,29.3,45.4,233,-64,10.0
2025-03-25 15:20:19,2.0,4.39,29.3,45.2,234,-60,9.0
2025-03-25 15:20:37,2.0,4.38,29.3,45.1,235,-55,10.0
2025-03-25 15:20:55,2.0,4.38,29.4,45.2,236,-54,9.0
2025-03-25 15:21:13,2.0,4.38,29.4,45.2,237,-65,9.0
2025-03-25 15:21:31,2.0,4.38,29.4,45.2,238,-49,9.0
2025-03-25 15:21:49,2.0,4.38,29.4,45.1,239,-49,9.0
2025-03-25 15:22:07,2.0,4.37,29.4,45.1,240,-48,9.0
2025-03-25 15:22:25,2.0,4.37,29.4,44.7,241,-48,10.0
2025-03-25 15:22:43,2.0,4.37,29.5,45.1,242,-48,10.0
2025-03-25 15:23:01,2.0,4.37,29.5,45.0,243,-49,9.0
2025-03-25 15:23:19,2.0,4.36,29.5,45.1,244,-49,9.0
2025-03-25 15:23:37,2.0,4.36,29.5,44.9,245,-48,9.0
2025-03-25 15:23:55,2.0,4.36,29.5,44.7,246,-49,9.0
2025-03-25 15:24:13,2.0,4.36,29.5,44.9,247,-48,10.0
2025-03-25 15:24:31,2.0,4.35,29.5,44.8,248,-48,10.0
2025-03-25 15:24:49,2.0,4.35,29.6,44.8,249,-47,10.0
2025-03-25 15:25:07,2.0,4.35,29.6,45.1,250,-47,9.0
2025-03-25 15:25:25,2.0,4.35,29.6,45.0,251,-48,10.0
2025-03-25 15:26:01,2.0,4.34,29.6,44.8,253,-48,9.0
2025-03-25 15:26:19,2.0,4.34,29.6,45.1,254,-48,10.0
2025-03-25 15:26:37,2.0,4.34,29.6,45.2,255,-51,10.0
2025-03-25 15:26:55,2.0,4.33,29.6,45.1,256,-49,10.0
2025-03-25 15:27:13,2.0,4.33,29.6,44.8,257,-49,9.0
2025-03-25 15:27:31,2.0,4.33,29.6,44.9,258,-49,10.0
2025-03-25 15:27:49,2.0,4.33,29.7,44.9,259,-51,9.0
2025-03-25 15:28:07,2.0,4.32,29.7,44.8,260,-51,9.0
2025-03-25 15:28:25,2.0,4.32,29.7,44.8,261,-50,9.0
2025-03-25 15:28:43,2.0,4.32,29.7,44.7,262,-52,9.0
2025-03-25 15:29:01,2.0,4.31,29.7,44.8,263,-50,9.0
2025-03-25 15:29:19,2.0,4.31,29.7,44.7,264,-56,9.0
2025-03-25 15:29:37,2.0,4.31,29.7,44.9,265,-52,9.0
2025-03-25 15:29:55,2.0,4.3,29.8,44.8,266,-57,10.0
2025-03-25 15:30:13,2.0,4.31,29.7,44.9,267,-55,9.0
2025-03-25 15:30:31,2.0,4.3,29.8,45.1,268,-51,9.0
2025-03-25 15:30:49,2.0,4.3,29.7,45.1,269,-50,10.0
2025-03-25 15:31:07,2.0,4.3,29.7,45.5,270,-50,10.0
2025-03-25 15:31:25,2.0,4.29,29.7,45.5,271,-50,10.0
2025-03-25 15:31:43,2.0,4.29,29.7,45.4,272,-50,9.0
2025-03-25 15:32:01,2.0,4.29,29.7,45.0,273,-50,10.0
2025-03-25 15:32:19,2.0,4.28,29.7,45.2,274,-50,10.0
2025-03-25 15:32:37,2.0,4.28,29.7,45.1,275,-50,9.0
2025-03-25 15:32:55,2.0,4.28,29.7,45.0,276,-51,9.0
2025-03-25 15:33:13,2.0,4.28,29.7,44.9,277,-51,9.0
2025-03-25 15:33:31,2.0,4.28,29.7,45.3,278,-50,9.0
2025-03-25 15:33:49,2.0,4.27,29.7,45.0,279,-50,9.0
2025-03-25 15:34:07,2.0,4.27,29.7,45.2,280,-51,10.0
2025-03-25 15:34:25,2.0,4.27,29.7,45.2,281,-51,10.0
2025-03-25 15:34:43,2.0,4.26,29.7,45.1,282,-50,10.0
2025-03-25 15:35:01,2.0,4.26,29.7,45.1,283,-51,10.0
2025-03-25 15:35:19,2.0,4.26,29.6,45.2,284,-51,9.0
2025-03-25 15:35:37,2.0,4.25,29.7,45.2,285,-50,10.0
2025-03-25 15:35:55,2.0,4.25,29.7,45.1,286,-50,10.0
2025-03-25 15:36:13,2.0,4.25,29.6,45.2,287,-50,10.0
2025-03-25 15:36:31,2.0,4.24,29.7,45.2,288,-51,10.0
2025-03-25 15:36:49,2.0,4.24,29.7,45.0,289,-50,10.0
2025-03-25 15:37:07,2.0,4.24,29.6,45.0,290,-51,9.0
2025-03-25 15:37:25,2.0,4.24,29.6,45.2,291,-51,9.0
2025-03-25 15:37:43,2.0,4.23,29.6,45.2,292,-50,10.0
2025-03-25 15:38:01,2.0,4.23,29.6,45.4,293,-50,10.0
2025-03-25 15:38:19,2.0,4.23,29.5,45.5,294,-50,9.0
2025-03-25 15:38:37,2.0,4.23,29.5,45.5,295,-50,10.0
2025-03-25 15:38:55,2.0,4.22,29.5,45.3,296,-50,9.0
2025-03-25 15:39:13,2.0,4.22,29.5,45.5,297,-50,9.0
2025-03-25 15:39:31,2.0,4.22,29.4,45.3,298,-51,10.0
2025-03-25 15:39:49,2.0,4.22,29.5,45.7,299,-52,10.0
2025-03-25 15:40:07,2.0,4.21,29.4,45.5,300,-51,9.0
2025-03-25 15:40:25,2.0,4.21,29.4,45.5,301,-53,9.0
2025-03-25 15:40:43,2.0,4.21,29.4,45.6,302,-51,10.0
2025-03-25 15:41:01,2.0,4.2,29.4,45.6,303,-52,10.0
2025-03-25 15:41:19,2.0,4.2,29.3,45.9,304,-56,10.0
2025-03-25 15:41:37,2.0,4.2,29.3,45.9,305,-57,9.0
2025-03-25 15:41:55,2.0,4.2,29.3,46.0,306,-53,9.0
2025-03-25 15:42:13,2.0,4.2,29.3,46.0,307,-52,9.0
2025-03-25 15:42:31,2.0,4.19,29.3,45.9,308,-53,9.0
2025-03-25 15:42:49,2.0,4.19,29.2,46.0,309,-52,9.0
2025-03-25 15:43:07,2.0,4.19,29.3,45.8,310,-51,9.0
2025-03-25 15:43:25,2.0,4.19,29.2,45.9,311,-51,9.0
2025-03-25 15:43:43,2.0,4.18,29.2,46.1,312,-52,10.0
2025-03-25 15:44:01,2.0,4.18,29.2,46.2,313,-52,10.0
2025-03-25 15:44:19,2.0,4.18,29.2,46.2,314,-51,9.0
2025-03-25 15:44:37,2.0,4.18,29.2,46.1,315,-52,10.0
2025-03-25 15:44:55,2.0,4.17,29.1,46.3,316,-51,10.0
2025-03-25 15:45:13,2.0,4.17,29.1,46.5,317,-52,9.0
2025-03-25 15:45:31,2.0,4.17,29.1,46.6,318,-51,9.0
2025-03-25 15:45:49,2.0,4.17,29.0,46.5,319,-52,9.0
2025-03-25 15:46:07,2.0,4.16,29.1,46.7,320,-51,10.0
2025-03-25 15:46:25,2.0,4.16,29.0,46.7,321,-52,10.0
2025-03-25 15:46:43,2.0,4.15,29.0,46.7,322,-52,9.0
2025-03-25 15:47:01,2.0,4.15,29.0,46.7,323,-51,10.0
2025-03-25 15:47:19,2.0,4.15,29.0,46.5,324,-51,10.0
2025-03-25 15:47:37,2.0,4.15,29.0,46.6,325,-52,9.0
2025-03-25 15:47:55,2.0,4.15,29.0,46.5,326,-55,10.0
2025-03-25 15:48:13,2.0,4.14,29.0,46.8,327,-56,10.0
2025-03-25 15:48:31,2.0,4.14,29.0,47.0,328,-54,9.0
2025-03-25 15:48:49,2.0,4.14,29.0,46.5,329,-52,9.0
2025-03-25 15:49:07,2.0,4.13,29.0,46.7,330,-53,9.0
2025-03-25 15:49:25,2.0,4.13,29.0,46.9,331,-52,10.0
2025-03-25 15:49:43,2.0,4.13,29.0,47.4,332,-52,10.0
2025-03-25 15:50:01,2.0,4.13,29.0,47.2,333,-52,10.0
2025-03-25 15:50:19,2.0,4.12,29.0,47.0,334,-52,10.0
2025-03-25 15:50:37,2.0,4.12,29.0,47.1,335,-52,10.0
2025-03-25 15:50:55,2.0,4.12,29.0,47.0,336,-52,10.0
2025-03-25 15:51:13,2.0,4.12,29.0,47.3,337,-51,10.0
2025-03-25 15:51:31,2.0,4.11,29.0,47.2,338,-51,10.0
2025-03-25 15:51:49,2.0,4.11,28.9,46.8,339,-51,10.0
2025-03-25 15:52:07,2.0,4.11,28.9,46.9,340,-52,9.0
2025-03-25 15:52:25,2.0,4.1,28.9,47.1,341,-51,10.0
2025-03-25 15:52:43,2.0,4.1,28.9,47.3,342,-51,10.0
2025-03-25 15:53:01,2.0,4.09,28.9,47.3,343,-51,10.0
2025-03-25 15:53:19,2.0,4.1,28.9,47.3,344,-52,10.0
2025-03-25 15:53:37,2.0,4.09,29.0,47.0,345,-53,9.0
2025-03-25 15:53:55,2.0,4.09,28.9,47.0,346,-53,10.0
2025-03-25 15:54:13,2.0,4.09,28.9,46.7,347,-55,9.0
2025-03-25 15:54:31,2.0,4.08,28.9,46.7,348,-55,9.0
2025-03-25 15:54:49,2.0,4.08,28.9,46.9,349,-53,9.0
2025-03-25 15:55:07,2.0,4.08,28.9,47.2,350,-53,9.0
2025-03-25 15:55:25,2.0,4.07,28.9,47.3,351,-54,9.0
2025-03-25 15:55:43,2.0,4.08,28.9,47.4,352,-53,9.0
2025-03-25 15:56:01,2.0,4.07,28.9,47.3,353,-52,9.0
2025-03-25 15:56:19,2.0,4.07,28.9,47.5,354,-52,9.0
2025-03-25 15:56:37,2.0,4.06,28.8,47.4,355,-52,10.0
2025-03-25 15:56:55,2.0,4.06,28.8,47.3,356,-52,10.0
2025-03-25 15:57:13,2.0,4.06,28.8,47.6,357,-52,10.0
2025-03-25 15:57:31,2.0,4.06,28.8,47.8,358,-51,10.0
2025-03-25 15:57:49,2.0,4.05,28.8,47.7,359,-51,10.0
2025-03-25 15:58:07,2.0,4.05,28.8,47.3,360,-51,9.0
2025-03-25 15:58:25,2.0,4.05,28.8,47.5,361,-51,9.0
2025-03-25 15:58:43,2.0,4.05,28.8,47.5,362,-52,10.0
2025-03-25 15:59:01,2.0,4.05,28.8,47.5,363,-52,10.0
2025-03-25 15:59:19,2.0,4.05,28.8,47.7,364,-52,9.0
2025-03-25 15:59:37,2.0,4.04,28.8,47.3,365,-53,9.0
2025-03-25 15:59:55,2.0,4.04,28.8,47.2,366,-54,10.0
2025-03-25 16:00:13,2.0,4.04,28.8,47.3,367,-53,9.0
2025-03-25 16:00:31,2.0,4.03,28.8,47.1,368,-53,10.0
2025-03-25 16:00:49,2.0,4.03,28.8,47.0,369,-59,9.0
2025-03-25 16:01:07,2.0,4.03,28.9,47.3,370,-53,9.0
2025-03-25 16:01:25,2.0,4.03,28.9,46.9,371,-54,10.0
2025-03-25 16:01:43,2.0,4.03,29.0,46.9,372,-55,9.0
2025-03-25 16:02:01,2.0,4.02,29.0,46.9,373,-55,9.0
2025-03-25 16:02:19,2.0,4.02,29.0,46.9,374,-53,10.0
2025-03-25 16:02:37,2.0,4.02,29.0,47.0,375,-52,9.0
2025-03-25 16:02:55,2.0,4.01,29.1,46.9,376,-52,9.0
2025-03-25 16:03:13,2.0,4.01,29.1,46.6,377,-52,9.0
2025-03-25 16:03:31,2.0,4.01,29.1,46.4,378,-52,10.0
2025-03-25 16:03:49,2.0,4.0,29.2,46.6,379,-52,9.0
2025-03-25 16:04:07,2.0,4.0,29.2,46.4,380,-52,10.0
2025-03-25 16:04:25,2.0,4.0,29.2,46.1,381,-51,10.0
2025-03-25 16:04:43,2.0,3.99,29.2,46.2,382,-51,10.0
2025-03-25 16:05:01,2.0,3.99,29.2,46.0,383,-51,9.0
2025-03-25 16:05:19,2.0,3.99,29.3,46.1,384,-51,10.0
2025-03-25 16:05:37,2.0,3.99,29.3,46.3,385,-51,10.0
2025-03-25 16:05:55,2.0,3.98,29.3,46.1,386,-51,10.0
2025-03-25 16:06:13,2.0,3.98,29.3,46.0,387,-51,9.0
2025-03-25 16:06:31,2.0,3.98,29.4,46.4,388,-51,10.0
2025-03-25 16:06:49,2.0,3.97,29.4,46.3,389,-51,10.0
2025-03-25 16:07:07,2.0,3.97,29.4,46.3,390,-51,10.0
2025-03-25 16:07:25,2.0,3.97,29.4,45.9,391,-51,10.0
2025-03-25 16:07:43,2.0,3.97,29.4,45.8,392,-51,10.0
2025-03-25 16:08:01,2.0,3.97,29.4,46.3,393,-51,9.0
2025-03-25 16:08:19,2.0,3.96,29.4,46.3,394,-51,9.0
2025-03-25 16:08:37,2.0,3.96,29.5,46.1,395,-51,10.0
2025-03-25 16:08:55,2.0,3.95,29.4,46.4,396,-51,10.0
2025-03-25 16:09:13,2.0,3.95,29.4,46.3,397,-51,9.0
2025-03-25 16:09:31,2.0,3.96,29.4,46.5,398,-51,9.0
2025-03-25 16:09:49,2.0,3.95,29.4,46.4,399,-51,10.0
2025-03-25 16:10:07,2.0,3.95,29.4,46.3,400,-51,10.0
2025-03-25 16:10:25,2.0,3.94,29.4,46.3,401,-51,10.0
2025-03-25 16:10:43,2.0,3.94,29.4,46.4,402,-50,10.0
2025-03-25 16:11:01,2.0,3.94,29.4,46.5,403,-51,9.0
2025-03-25 16:11:19,2.0,3.93,29.4,46.4,404,-51,10.0
2025-03-25 16:11:37,2.0,3.93,29.3,46.2,405,-51,10.0
2025-03-25 16:11:55,2.0,3.93,29.3,46.4,406,-51,10.0
2025-03-25 16:12:13,2.0,3.93,29.3,46.4,407,-51,10.0
2025-03-25 16:12:31,2.0,3.92,29.3,46.5,408,-51,9.0
2025-03-25 16:12:49,2.0,3.92,29.3,46.6,409,-51,9.0
2025-03-25 16:13:07,2.0,3.92,29.2,46.7,410,-51,10.0
2025-03-25 16:13:25,2.0,3.91,29.2,46.9,411,-51,10.0
2025-03-25 16:13:43,2.0,3.91,29.2,47.0,412,-51,9.0
2025-03-25 16:14:01,2.0,3.91,29.1,47.1,413,-51,10.0
2025-03-25 16:14:19,2.01,3.91,29.1,46.9,414,-51,10.0
2025-03-25 16:14:37,2.0,3.9,29.1,47.0,415,-51,10.0
2025-03-25 16:14:55,2.0,3.9,29.1,47.2,416,-51,10.0
2025-03-25 16:15:13,2.0,3.9,29.1,47.0,417,-51,10.0
2025-03-25 16:15:31,2.0,3.9,29.1,47.0,418,-51,10.0
2025-03-25 16:15:49,2.0,3.9,29.2,47.3,419,-51,10.0
2025-03-25 16:16:07,2.0,3.89,29.2,47.1,420,-51,10.0
2025-03-25 16:16:25,2.0,3.89,29.1,47.1,421,-51,10.0
2025-03-25 16:16:43,2.0,3.89,29.2,47.0,422,-51,9.0
2025-03-25 16:17:01,2.0,3.88,29.2,47.0,423,-51,10.0
2025-03-25 16:17:19,2.0,3.89,29.2,46.9,424,-52,10.0
2025-03-25 16:17:37,2.0,3.88,29.2,47.0,425,-51,10.0
2025-03-25 16:17:55,2.0,3.88,29.2,47.0,426,-51,10.0
2025-03-25 16:18:13,2.0,3.88,29.2,46.8,427,-51,10.0
2025-03-25 16:18:31,2.0,3.87,29.2,46.7,428,-52,9.0
2025-03-25 16:18:49,2.0,3.87,29.2,46.7,429,-51,10.0
2025-03-25 16:19:07,2.0,3.87,29.2,46.6,430,-51,9.0
2025-03-25 16:19:25,2.0,3.86,29.3,46.8,431,-51,9.0
2025-03-25 16:19:43,2.0,3.86,29.3,46.6,432,-51,10.0
2025-03-25 16:20:01,2.0,3.86,29.3,46.7,433,-51,11.0
2025-03-25 16:20:19,2.0,3.86,29.2,46.4,434,-51,9.0
2025-03-25 16:20:37,2.0,3.85,29.3,46.1,435,-51,10.0
2025-03-25 16:20:55,2.0,3.85,29.3,46.3,436,-51,10.0
2025-03-25 16:21:13,2.0,3.85,29.3,46.5,437,-51,10.0
2025-03-25 16:21:31,2.0,3.85,29.3,46.6,438,-51,10.0
2025-03-25 16:21:49,2.0,3.84,29.4,46.5,439,-51,9.0
2025-03-25 16:22:07,2.0,3.84,29.4,46.4,440,-51,10.0
2025-03-25 16:22:25,2.0,3.84,29.4,46.7,441,-51,9.0
2025-03-25 16:22:43,2.0,3.83,29.4,46.7,442,-51,10.0
2025-03-25 16:23:01,2.0,3.83,29.4,46.5,443,-51,9.0
2025-03-25 16:23:19,2.0,3.83,29.4,46.5,444,-51,9.0
2025-03-25 16:23:37,2.0,3.83,29.4,46.6,445,-51,10.0
2025-03-25 16:23:55,2.0,3.82,29.4,46.2,446,-51,10.0
2025-03-25 16:24:13,2.0,3.82,29.4,46.3,447,-51,10.0
2025-03-25 16:24:31,2.0,3.82,29.4,46.3,448,-51,10.0
2025-03-25 16:24:49,2.0,3.82,29.4,46.1,449,-51,9.0
2025-03-25 16:25:07,2.0,3.81,29.4,46.5,450,-51,10.0
2025-03-25 16:25:25,2.0,3.81,29.4,46.6,451,-51,10.0
2025-03-25 16:25:43,2.0,3.81,29.4,46.4,452,-51,10.0
2025-03-25 16:26:01,2.0,3.8,29.3,46.4,453,-51,10.0
2025-03-25 16:26:19,2.0,3.8,29.3,46.5,454,-51,10.0
2025-03-25 16:26:37,2.0,3.8,29.3,46.6,455,-51,10.0
2025-03-25 16:26:55,2.0,3.8,29.3,46.5,456,-51,10.0
2025-03-25 16:27:13,2.0,3.79,29.3,46.9,457,-51,9.0
2025-03-25 16:27:31,2.0,3.79,29.2,47.0,458,-51,9.0
2025-03-25 16:27:49,2.0,3.78,29.2,46.9,459,-51,9.0
2025-03-25 16:28:07,2.0,3.78,29.2,47.4,460,-51,10.0
2025-03-25 16:28:25,2.0,3.78,29.2,47.9,461,-51,10.0
2025-03-25 16:28:43,2.0,3.78,29.2,47.8,462,-51,10.0
2025-03-25 16:29:01,2.0,3.78,29.1,47.7,463,-51,10.0
2025-03-25 16:29:19,2.0,3.77,29.1,47.9,464,-51,9.0
2025-03-25 16:29:37,2.0,3.77,29.1,47.9,465,-51,10.0
2025-03-25 16:29:55,2.0,3.77,29.0,47.9,466,-51,10.0
2025-03-25 16:30:13,2.0,3.76,29.0,48.0,467,-51,10.0
2025-03-25 16:30:31,2.0,3.76,29.0,47.9,468,-51,9.0
2025-03-25 16:30:49,2.0,3.76,29.0,48.0,469,-51,10.0
2025-03-25 16:31:07,2.0,3.76,29.0,47.9,470,-51,9.0
2025-03-25 16:31:25,2.0,3.76,29.0,47.7,471,-51,10.0
2025-03-25 16:31:43,2.0,3.75,28.9,47.9,472,-51,10.0
2025-03-25 16:32:01,2.0,3.75,28.9,47.6,473,-51,10.0
2025-03-25 16:32:19,2.0,3.75,28.9,47.8,474,-51,10.0
2025-03-25 16:32:37,2.0,3.75,28.9,48.1,475,-51,10.0
2025-03-25 16:32:55,2.0,3.75,28.9,48.1,476,-51,10.0
2025-03-25 16:33:13,2.0,3.74,28.8,48.1,477,-51,10.0
2025-03-25 16:33:31,2.0,3.74,28.8,48.3,478,-51,10.0
2025-03-25 16:33:49,2.0,3.74,28.8,48.4,479,-51,10.0
2025-03-25 16:34:07,2.0,3.74,28.7,48.5,480,-51,10.0
2025-03-25 16:34:25,2.0,3.73,28.7,48.6,481,-52,9.0
2025-03-25 16:34:43,2.0,3.73,28.7,48.9,482,-51,10.0
2025-03-25 16:35:01,2.0,3.73,28.6,49.2,483,-51,10.0
2025-03-25 16:35:19,2.0,3.72,28.6,49.1,484,-51,9.0
2025-03-25 16:35:37,2.0,3.72,28.6,48.9,485,-51,10.0
2025-03-25 16:35:55,2.0,3.72,28.6,49.0,486,-51,10.0
2025-03-25 16:36:13,2.0,3.72,28.6,48.7,487,-51,10.0
2025-03-25 16:36:31,2.0,3.71,28.6,48.9,488,-51,9.0
2025-03-25 16:36:49,2.0,3.71,28.6,49.1,489,-51,10.0
2025-03-25 16:37:07,2.0,3.71,28.5,49.1,490,-51,10.0
2025-03-25 16:37:25,2.0,3.71,28.6,49.4,491,-51,10.0
2025-03-25 16:37:43,2.0,3.7,28.6,49.4,492,-51,10.0
2025-03-25 16:38:01,2.0,3.7,28.6,49.4,493,-51,10.0
2025-03-25 16:38:19,2.0,3.69,28.5,49.5,494,-52,9.0
2025-03-25 16:38:37,2.0,3.69,28.6,49.1,495,-51,10.0
2025-03-25 16:38:55,2.0,3.69,28.6,49.7,496,-52,9.0
2025-03-25 16:39:13,2.0,3.69,28.5,49.6,497,-52,10.0
2025-03-25 16:39:31,2.0,3.68,28.5,49.7,498,-51,10.0
2025-03-25 16:39:49,2.0,3.68,28.5,49.6,499,-51,9.0
2025-03-25 16:40:07,2.0,3.68,28.5,49.8,500,-51,10.0
2025-03-25 16:40:25,2.0,3.68,28.5,49.8,501,-51,9.0
2025-03-25 16:40:43,2.0,3.67,28.5,49.9,502,-52,10.0
2025-03-25 16:41:01,2.0,3.67,28.5,49.6,503,-51,9.0
2025-03-25 16:41:19,2.0,3.67,28.4,49.4,504,-51,10.0
2025-03-25 16:41:37,2.0,3.66,28.4,49.6,505,-51,10.0
2025-03-25 16:41:55,2.0,3.66,28.4,49.5,506,-51,10.0
2025-03-25 16:42:13,2.0,3.66,28.3,49.4,507,-52,9.0
2025-03-25 16:42:31,2.0,3.66,28.3,49.2,508,-51,10.0
2025-03-25 16:42:49,2.0,3.65,28.3,49.6,509,-51,10.0
2025-03-25 16:43:07,2.0,3.65,28.2,49.2,510,-51,10.0
2025-03-25 16:43:25,2.0,3.65,28.2,49.1,511,-51,10.0
2025-03-25 16:43:43,2.0,3.64,28.2,49.8,512,-51,9.0
2025-03-25 16:44:01,2.0,3.64,28.2,50.1,513,-51,10.0
2025-03-25 16:44:19,2.0,3.64,28.1,50.5,514,-51,10.0
2025-03-25 16:44:37,2.0,3.64,28.1,50.6,515,-51,10.0
2025-03-25 16:44:55,2.0,3.64,28.1,50.6,516,-51,10.0
2025-03-25 16:45:13,2.0,3.63,28.0,50.7,517,-52,10.0
2025-03-25 16:45:31,2.0,3.62,28.0,50.9,518,-51,10.0
2025-03-25 16:45:49,2.0,3.63,28.0,51.1,519,-51,10.0
2025-03-25 16:46:07,2.0,3.62,28.0,51.0,520,-51,10.0
2025-03-25 16:46:25,2.0,3.62,27.9,51.4,521,-51,10.0
2025-03-25 16:46:43,2.0,3.61,27.9,51.4,522,-52,10.0
2025-03-25 16:47:01,2.0,3.61,27.9,51.6,523,-51,10.0
2025-03-25 16:47:19,2.0,3.61,27.9,51.8,524,-51,10.0
2025-03-25 16:47:37,2.0,3.61,27.9,51.6,525,-52,10.0
2025-03-25 16:47:55,2.0,3.6,27.9,51.6,526,-52,10.0
2025-03-25 16:48:13,2.0,3.6,27.8,51.8,527,-52,10.0
2025-03-25 16:48:31,2.0,3.6,27.8,51.8,528,-52,9.0
2025-03-25 16:48:49,2.0,3.6,27.8,52.1,529,-51,10.0
2025-03-25 16:49:07,2.0,3.6,27.8,52.0,530,-52,10.0
2025-03-25 16:49:25,2.0,3.6,27.8,51.9,531,-52,10.0
2025-03-25 16:49:43,2.0,3.6,27.7,51.7,532,-52,10.0
2025-03-25 16:50:01,2.0,3.59,27.7,51.8,533,-51,10.0
2025-03-25 16:50:19,2.0,3.59,27.7,51.8,534,-51,10.0
2025-03-25 16:50:37,2.0,3.58,27.8,51.8,535,-51,10.0
2025-03-25 16:50:55,2.0,3.58,27.7,51.8,536,-51,10.0
2025-03-25 16:51:13,2.0,3.58,27.7,51.9,537,-51,9.0
2025-03-25 16:51:31,2.0,3.58,27.7,52.0,538,-51,10.0
2025-03-25 16:51:49,2.0,3.57,27.7,52.1,539,-51,9.0
2025-03-25 16:52:07,2.0,3.57,27.7,52.0,540,-51,9.0
2025-03-25 16:52:25,2.0,3.57,27.7,52.3,541,-51,9.0
2025-03-25 16:52:43,2.0,3.56,27.6,52.4,542,-51,10.0
2025-03-25 16:53:01,2.0,3.56,27.6,52.5,543,-51,10.0
2025-03-25 16:53:19,2.0,3.56,27.6,52.7,544,-51,10.0
2025-03-25 16:53:37,2.0,3.56,27.6,52.5,545,-51,9.0
2025-03-25 16:53:55,2.0,3.55,27.6,52.6,546,-51,10.0
2025-03-25 16:54:13,2.0,3.55,27.6,52.1,547,-49,9.0
2025-03-25 16:54:31,2.0,3.55,27.5,52.1,548,-50,10.0
2025-03-25 16:54:49,2.0,3.55,27.5,52.3,549,-50,10.0
2025-03-25 16:55:07,2.0,3.54,27.6,52.5,550,-49,10.0
2025-03-25 16:55:25,2.0,3.54,27.5,52.0,551,-51,9.0
2025-03-25 16:55:43,2.0,3.54,27.5,52.2,552,-51,10.0
2025-03-25 16:56:01,2.0,3.53,27.5,52.1,553,-51,9.0
2025-03-25 16:56:19,2.0,3.53,27.5,52.4,554,-51,10.0
2025-03-25 16:56:37,2.0,3.53,27.5,52.7,555,-51,10.0
2025-03-25 16:56:55,2.0,3.52,27.5,52.2,556,-51,10.0
2025-03-25 16:57:13,2.0,3.52,27.4,52.2,557,-49,10.0
2025-03-25 16:57:31,2.0,3.52,27.5,51.9,558,-51,9.0
2025-03-25 16:57:49,2.0,3.51,27.5,52.1,559,-52,10.0
2025-03-25 16:58:07,2.0,3.51,27.4,52.7,560,-52,10.0
2025-03-25 16:58:25,2.0,3.51,27.4,53.3,561,-51,10.0
2025-03-25 16:58:43,2.0,3.51,27.4,53.5,562,-52,10.0
2025-03-25 16:59:01,2.0,3.51,27.4,53.5,563,-51,10.0
2025-03-25 16:59:19,2.0,3.5,27.4,53.4,564,-51,10.0
2025-03-25 16:59:37,2.0,3.5,27.4,53.5,565,-52,9.0
2025-03-25 16:59:55,2.0,3.5,27.4,53.4,566,-52,9.0
2025-03-25 17:00:13,2.0,3.5,27.4,53.6,567,-52,10.0
2025-03-25 17:00:31,2.0,3.49,27.4,53.6,568,-52,9.0
2025-03-25 17:00:49,2.0,3.49,27.4,53.6,569,-52,9.0
2025-03-25 17:01:07,2.0,3.49,27.4,53.7,570,-51,10.0
2025-03-25 17:01:25,2.0,3.48,27.4,53.7,571,-52,9.0
2025-03-25 17:01:43,2.0,3.48,27.3,53.8,572,-52,10.0
2025-03-25 17:02:01,2.0,3.48,27.3,53.8,573,-52,10.0
2025-03-25 17:02:19,2.0,3.48,27.3,53.9,574,-52,10.0
2025-03-25 17:02:37,2.0,3.47,27.3,54.0,575,-52,10.0
2025-03-25 17:02:55,2.0,3.47,27.3,53.8,576,-52,9.0
2025-03-25 17:03:13,2.0,3.47,27.3,53.9,577,-52,10.0
2025-03-25 17:03:31,2.0,3.46,27.3,53.8,578,-52,10.0
2025-03-25 17:03:49,2.0,3.46,27.3,53.8,579,-52,10.0
2025-03-25 17:04:07,2.0,3.46,27.3,54.0,580,-52,9.0
2025-03-25 17:04:25,2.0,3.45,27.2,54.0,581,-52,9.0
2025-03-25 17:04:43,2.0,3.45,27.3,54.0,582,-52,10.0
2025-03-25 17:05:01,2.0,3.45,27.3,54.1,583,-52,9.0
2025-03-25 17:05:19,2.0,3.45,27.3,54.2,584,-51,10.0
2025-03-25 17:05:37,2.0,3.45,27.2,54.3,585,-52,10.0
2025-03-25 17:05:55,2.0,3.44,27.3,54.2,586,-52,10.0
2025-03-25 17:06:13,2.0,3.44,27.2,54.4,587,-52,10.0
2025-03-25 17:06:31,2.0,3.44,27.2,54.4,588,-52,10.0
2025-03-25 17:06:49,2.0,3.44,27.2,54.3,589,-52,9.0
2025-03-25 17:07:07,2.0,3.43,27.2,54.4,590,-52,10.0
2025-03-25 17:07:25,2.0,3.43,27.2,54.3,591,-51,9.0
2025-03-25 17:07:43,2.0,3.43,27.1,54.6,592,-52,9.0
2025-03-25 17:08:01,2.0,3.43,27.2,54.5,593,-51,10.0
2025-03-25 17:08:19,2.0,3.43,27.1,54.7,594,-50,9.0
2025-03-25 17:08:37,2.0,3.43,27.2,54.5,595,-51,10.0
2025-03-25 17:08:55,2.0,3.42,27.2,54.7,596,-51,10.0
2025-03-25 17:09:13,2.0,3.42,27.2,54.6,597,-51,10.0
2025-03-25 17:09:31,2.0,3.42,27.2,54.7,598,-51,9.0
2025-03-25 17:09:49,2.0,3.41,27.1,54.8,599,-51,10.0
2025-03-25 17:10:07,2.0,3.41,27.1,54.9,600,-51,9.0
2025-03-25 17:10:25,2.0,3.41,27.1,54.7,601,-51,10.0
2025-03-25 17:10:43,2.0,3.4,27.1,54.8,602,-51,10.0
2025-03-25 17:11:01,2.0,3.4,27.1,54.9,603,-51,10.0
2025-03-25 17:11:19,2.0,3.4,27.1,54.7,604,-51,10.0
2025-03-25 17:11:37,2.0,3.39,27.1,54.8,605,-51,10.0
2025-03-25 17:11:55,2.0,3.39,27.1,54.7,606,-51,10.0
2025-03-25 17:12:13,2.0,3.39,27.1,54.4,607,-52,9.0
2025-03-25 17:12:31,2.0,3.39,27.1,54.3,608,-51,10.0
2025-03-25 17:12:49,2.0,3.39,27.1,54.1,609,-51,10.0
2025-03-25 17:13:07,2.0,3.39,27.1,54.4,610,-51,10.0
2025-03-25 17:13:25,2.0,3.37,27.1,54.8,611,-51,10.0
2025-03-25 17:13:43,2.0,3.38,27.1,54.6,612,-51,9.0
2025-03-25 17:14:01,2.0,3.38,27.1,54.5,613,-51,9.0
2025-03-25 17:14:19,2.0,3.36,27.0,54.6,614,-50,10.0
2025-03-25 17:14:37,2.0,3.38,27.0,54.4,615,-51,9.0
2025-03-25 17:14:55,2.0,3.37,27.1,54.3,616,-51,10.0
2025-03-25 17:15:13,2.0,3.34,27.0,54.5,617,-50,10.0
2025-03-25 17:15:31,2.0,3.37,27.0,55.0,618,-50,9.0
2025-03-25 17:15:49,2.0,3.35,27.0,55.1,619,-51,10.0
2025-03-25 17:16:07,2.0,3.35,27.0,55.2,620,-50,9.0
2025-03-25 17:16:25,2.0,3.33,27.0,55.2,621,-50,9.0
2025-03-25 17:16:43,2.0,3.36,27.0,55.3,622,-51,9.0
2025-03-25 17:17:01,2.0,3.33,27.0,55.0,623,-50,10.0
2025-03-25 17:17:19,2.0,3.33,27.0,54.3,624,-51,9.0
2025-03-25 17:17:37,2.0,3.33,27.0,54.3,625,-51,10.0
2025-03-25 17:17:55,2.0,3.34,27.0,54.3,626,-51,10.0
2025-03-25 17:18:13,2.0,3.32,27.0,54.1,627,-51,10.0
2025-03-25 17:18:31,2.0,3.32,27.0,54.5,628,-51,10.0
2025-03-25 17:18:49,2.0,3.32,27.0,54.1,629,-51,10.0
2025-03-25 17:19:07,2.0,3.32,27.0,54.7,630,-51,10.0
2025-03-25 17:19:25,2.0,3.31,27.0,55.1,631,-50,10.0
2025-03-25 17:19:43,2.0,3.31,27.0,55.0,632,-50,10.0
2025-03-25 17:20:01,2.0,3.31,26.9,54.4,633,-50,10.0
2025-03-25 17:20:19,2.0,3.31,26.9,54.8,634,-50,9.0
2025-03-25 17:20:37,2.0,3.31,26.9,54.8,635,-50,10.0
2025-03-25 17:20:55,2.0,3.3,26.9,54.9,636,-49,9.0
2025-03-25 17:21:13,2.0,3.3,26.9,55.4,637,-50,10.0
2025-03-25 17:21:31,2.0,3.3,26.9,55.6,638,-50,9.0
2025-03-25 17:21:49,2.0,3.3,27.0,55.4,639,-50,10.0
2025-03-25 17:22:07,2.0,3.3,26.9,55.3,640,-50,10.0
2025-03-25 17:22:25,2.0,3.3,26.9,54.8,641,-50,10.0
2025-03-25 17:22:43,2.0,3.3,26.9,55.1,642,-50,9.0
2025-03-25 17:23:01,2.0,3.3,26.9,55.4,643,-50,9.0
2025-03-25 17:23:19,2.0,3.31,26.9,55.8,644,-50,9.0
2025-03-25 17:23:37,2.0,3.3,26.9,55.9,645,-50,10.0
2025-03-25 17:23:55,2.0,3.31,26.9,56.0,646,-50,10.0
2025-03-25 17:24:13,2.0,3.3,26.9,56.0,647,-51,9.0
2025-03-25 17:24:31,2.0,3.31,26.9,56.0,648,-50,10.0
2025-03-25 17:24:49,2.0,3.3,26.9,55.9,649,-50,10.0
2025-03-25 17:25:07,2.0,3.31,26.9,56.0,650,-50,10.0
2025-03-25 17:25:25,2.0,3.31,26.9,55.8,651,-50,9.0
2025-03-25 17:25:43,2.0,3.31,26.9,55.4,652,-50,10.0
2025-03-25 17:26:01,2.0,3.31,26.9,55.2,653,-50,10.0
2025-03-25 17:26:19,2.0,3.31,26.8,55.3,654,-50,10.0
2025-03-25 17:26:37,2.0,3.31,26.9,55.8,655,-51,10.0
2025-03-25 17:26:55,2.0,3.3,26.8,55.7,656,-50,10.0
2025-03-25 17:27:13,2.0,3.31,26.9,56.0,657,-50,10.0
2025-03-25 17:27:31,2.0,3.31,26.9,55.9,658,-51,9.0
2025-03-25 17:27:49,2.0,3.3,26.9,55.9,659,-50,9.0
2025-03-25 17:28:07,2.0,3.31,26.8,55.7,660,-49,9.0
2025-03-25 17:28:25,2.0,3.3,26.8,56.0,661,-51,10.0
2025-03-25 17:28:43,2.0,3.31,26.9,56.1,662,-51,10.0
2025-03-25 17:29:01,2.0,3.31,26.9,55.8,663,-51,10.0
2025-03-25 17:29:19,2.0,3.3,26.8,54.0,664,-52,10.0
2025-03-25 17:29:37,2.0,3.3,26.8,52.1,665,-51,10.0
2025-03-25 17:29:55,2.0,3.3,26.8,51.3,666,-51,9.0
2025-03-25 17:30:13,2.0,3.31,26.8,51.0,667,-51,10.0
2025-03-25 17:30:31,2.0,3.3,26.7,50.9,668,-50,9.0
2025-03-25 17:30:49,2.0,3.3,26.7,51.8,669,-48,9.0
2025-03-25 17:31:07,2.0,3.31,26.7,51.7,670,-50,10.0
2025-03-25 17:31:25,2.0,3.31,26.7,51.5,671,-51,9.0
2025-03-25 17:31:43,2.0,3.3,26.7,51.6,672,-50,10.0
2025-03-25 17:32:01,2.0,3.31,26.6,51.7,673,-51,10.0
2025-03-25 17:32:19,2.0,3.3,26.6,51.9,674,-51,10.0
2025-03-25 17:32:37,2.0,3.31,26.5,52.2,675,-51,10.0
2025-03-25 17:32:55,2.0,3.3,26.5,52.2,676,-51,10.0
2025-03-25 17:33:13,2.0,3.3,26.5,52.1,677,-50,10.0
2025-03-25 17:33:31,2.0,3.31,26.5,52.0,678,-51,10.0
2025-03-25 17:33:49,2.0,3.3,26.5,51.9,679,-51,10.0
2025-03-25 17:34:07,2.0,3.3,26.5,52.0,680,-51,10.0
2025-03-25 17:34:25,2.0,3.31,26.5,52.0,681,-51,10.0
2025-03-25 17:34:43,2.0,3.31,26.4,52.1,682,-51,10.0
2025-03-25 17:35:01,2.0,3.31,26.4,52.2,683,-51,10.0
2025-03-25 17:35:19,2.0,3.3,26.4,52.3,684,-52,9.0
2025-03-25 17:35:37,2.0,3.3,26.4,52.5,685,-51,9.0
2025-03-25 17:35:55,2.0,3.3,26.4,52.4,686,-51,10.0
2025-03-25 17:36:13,2.0,3.31,26.3,52.4,687,-51,10.0
2025-03-25 17:36:31,2.0,3.3,26.3,52.6,688,-51,10.0
2025-03-25 17:36:49,2.0,3.31,26.3,52.5,689,-51,10.0
2025-03-25 17:37:07,2.0,3.31,26.3,52.7,690,-51,9.0
2025-03-25 17:37:25,2.0,3.3,26.3,52.6,691,-51,10.0
2025-03-25 17:37:43,2.0,3.3,26.3,52.7,692,-52,9.0
2025-03-25 17:38:01,2.0,3.31,26.3,52.7,693,-51,10.0
2025-03-25 17:38:19,2.0,3.31,26.3,52.9,694,-51,9.0
2025-03-25 17:38:37,2.0,3.31,26.3,52.8,695,-51,10.0
2025-03-25 17:38:55,2.0,3.3,26.3,52.8,696,-51,10.0
2025-03-25 17:39:13,2.0,3.3,26.3,53.0,697,-51,9.0
2025-03-25 17:39:31,2.0,3.31,26.2,53.1,698,-51,10.0
2025-03-25 17:39:49,2.0,3.31,26.2,53.0,699,-51,10.0
2025-03-25 17:40:07,2.0,3.31,26.2,53.1,700,-51,9.0
2025-03-25 17:40:25,2.0,3.31,26.2,53.0,701,-51,9.0
2025-03-25 17:40:43,2.0,3.31,26.2,53.3,702,-51,10.0
2025-03-25 17:41:01,2.0,3.31,26.2,53.2,703,-51,9.0
2025-03-25 17:41:19,2.0,3.31,26.2,52.9,704,-51,9.0
2025-03-25 17:41:37,2.0,3.31,26.2,53.3,705,-51,10.0
2025-03-25 17:41:55,2.0,3.31,26.2,53.4,706,-51,10.0
2025-03-25 17:42:13,2.0,3.31,26.2,53.3,707,-51,10.0
2025-03-25 17:42:31,2.0,3.31,26.2,53.4,708,-52,10.0
2025-03-25 17:42:49,2.0,3.31,26.2,53.2,709,-51,10.0
2025-03-25 17:43:07,2.0,3.31,26.2,53.4,710,-50,10.0
2025-03-25 17:43:25,2.0,3.3,26.2,53.5,711,-52,10.0
2025-03-25 17:43:43,2.0,3.3,26.1,53.9,712,-52,9.0
2025-03-25 17:44:01,2.0,3.31,26.1,54.0,713,-51,9.0
2025-03-25 17:44:19,2.0,3.3,26.1,53.7,714,-51,10.0
2025-03-25 17:44:37,2.0,3.3,26.1,53.8,715,-54,9.0
2025-03-25 17:44:55,2.0,3.3,26.1,54.3,716,-53,9.0
2025-03-25 17:45:13,2.0,3.3,26.1,54.1,717,-53,10.0
2025-03-25 17:45:31,2.0,3.3,26.1,53.8,718,-50,9.0
2025-03-25 17:45:49,2.0,3.3,26.1,54.5,719,-52,9.0
2025-03-25 17:46:07,2.0,3.31,26.0,54.6,720,-51,10.0
2025-03-25 17:46:25,2.0,3.31,26.0,55.4,721,-51,10.0
2025-03-25 17:46:43,2.0,3.31,26.0,55.3,722,-51,9.0
2025-03-25 17:47:01,2.0,3.31,26.0,55.3,723,-53,9.0
2025-03-25 17:47:19,2.0,3.31,26.0,55.3,724,-51,10.0
2025-03-25 17:47:37,2.0,3.31,26.0,55.3,725,-53,10.0
2025-03-25 17:47:55,2.0,3.31,26.0,54.8,726,-53,9.0
2025-03-25 17:48:13,2.0,3.31,26.0,55.3,727,-65,9.0
2025-03-25 17:48:31,2.0,3.31,26.0,55.7,728,-53,10.0
2025-03-25 17:48:49,2.0,3.31,26.0,55.9,729,-58,10.0
2025-03-25 17:49:07,2.0,3.3,26.0,56.0,730,-50,9.0
2025-03-25 17:49:25,2.0,3.31,26.0,55.9,731,-50,9.0
2025-03-25 17:49:43,2.0,3.31,26.0,55.9,732,-50,10.0
2025-03-25 17:50:01,2.0,3.3,26.0,56.0,733,-49,10.0
2025-03-25 17:50:19,2.0,3.31,26.0,56.1,734,-50,9.0
2025-03-25 17:50:37,2.0,3.3,26.0,56.3,735,-50,9.0
2025-03-25 17:50:55,2.0,3.31,26.0,56.3,736,-50,9.0
2025-03-25 17:51:13,2.0,3.31,26.0,56.6,737,-50,9.0
2025-03-25 17:51:31,2.0,3.31,26.0,56.6,738,-50,10.0
2025-03-25 17:51:49,2.0,3.31,26.0,56.6,739,-50,9.0
2025-03-25 17:52:07,2.0,3.31,26.0,56.5,740,-50,9.0
2025-03-25 17:52:25,2.0,3.31,26.0,56.4,741,-49,10.0
2025-03-25 17:52:43,2.0,3.31,26.0,56.6,742,-50,10.0
2025-03-25 17:53:01,2.0,3.31,26.0,56.5,743,-50,9.0
2025-03-25 17:53:19,2.0,3.31,26.0,56.3,744,-49,10.0
2025-03-25 17:53:37,2.0,3.31,26.0,56.4,745,-50,9.0
2025-03-25 17:53:55,2.0,3.3,26.0,56.5,746,-50,10.0
2025-03-25 17:54:13,2.0,3.31,26.0,56.5,747,-50,10.0
2025-03-25 17:54:31,2.0,3.31,26.0,56.5,748,-50,9.0
2025-03-25 17:54:49,2.0,3.31,26.0,56.6,749,-50,10.0
2025-03-25 17:55:07,2.0,3.31,26.0,56.6,750,-49,10.0
2025-03-25 17:55:25,2.0,3.3,26.1,56.5,751,-50,9.0
2025-03-25 17:55:43,2.0,3.31,26.0,56.5,752,-49,10.0
2025-03-25 17:56:01,2.0,3.31,26.0,56.5,753,-50,10.0
2025-03-25 17:56:19,2.0,3.31,26.1,56.6,754,-50,9.0
2025-03-25 17:56:37,2.0,3.31,26.1,56.4,755,-49,9.0
2025-03-25 17:56:55,2.0,3.3,26.1,56.5,756,-50,9.0
2025-03-25 17:57:13,2.0,3.31,26.1,56.6,757,-49,9.0
2025-03-25 17:57:31,2.0,3.31,26.0,56.5,758,-49,10.0
2025-03-25 17:57:49,2.0,3.31,26.0,56.7,759,-50,9.0
2025-03-25 17:58:07,2.0,3.3,26.1,56.6,760,-49,9.0
2025-03-25 17:58:25,2.0,3.3,26.0,56.8,761,-50,10.0
2025-03-25 17:58:43,2.0,3.31,26.0,56.6,762,-50,9.0
2025-03-25 17:59:01,2.0,3.31,26.0,56.8,763,-50,10.0
2025-03-25 17:59:19,2.0,3.31,26.0,56.7,764,-49,9.0
2025-03-25 17:59:37,2.0,3.31,26.0,56.9,765,-49,10.0
2025-03-25 17:59:55,2.0,3.3,26.0,56.8,766,-50,9.0
2025-03-25 18:00:13,2.0,3.31,26.0,56.7,767,-50,9.0
2025-03-25 18:00:31,2.0,3.31,26.0,56.5,768,-49,10.0
2025-03-25 18:00:49,2.0,3.31,26.1,56.7,769,-50,10.0
2025-03-25 18:01:07,2.0,3.3,26.1,57.0,770,-49,10.0
2025-03-25 18:01:25,2.0,3.31,26.1,56.6,771,-50,9.0
2025-03-25 18:01:43,2.0,3.31,26.0,56.6,772,-50,10.0
2025-03-25 18:02:01,2.0,3.31,26.0,56.5,773,-49,9.0
2025-03-25 18:02:19,2.0,3.31,26.0,56.5,774,-49,9.0
2025-03-25 18:02:37,2.0,3.31,26.1,56.7,775,-50,9.0
2025-03-25 18:02:55,2.0,3.31,26.1,56.8,776,-49,10.0
2025-03-25 18:03:13,2.0,3.31,26.1,56.7,777,-49,9.0
2025-03-25 18:03:31,2.0,3.31,26.0,56.7,778,-49,10.0
2025-03-25 18:03:49,2.0,3.31,26.0,56.8,779,-49,10.0
2025-03-25 18:04:07,2.0,3.31,26.0,56.7,780,-49,10.0
2025-03-25 18:04:25,2.0,3.31,26.1,56.8,781,-49,9.0
2025-03-25 18:04:43,2.0,3.31,26.0,56.9,782,-50,10.0
2025-03-25 18:05:01,2.0,3.31,26.1,57.0,783,-50,9.0
2025-03-25 18:05:19,2.0,3.31,26.0,56.8,784,-50,9.0
2025-03-25 18:05:37,2.0,3.31,26.0,56.7,785,-49,9.0
2025-03-25 18:05:55,2.0,3.31,26.1,56.8,786,-50,10.0
2025-03-25 18:06:13,2.0,3.31,26.1,56.9,787,-50,9.0
2025-03-25 18:06:31,2.0,3.31,26.0,56.7,788,-50,9.0
2025-03-25 18:06:49,2.0,3.31,26.1,57.0,789,-50,9.0
2025-03-25 18:07:07,2.0,3.31,26.0,56.7,790,-50,10.0
2025-03-25 18:07:25,2.0,3.31,26.1,56.8,791,-49,10.0
2025-03-25 18:07:43,2.0,3.31,26.0,56.9,792,-49,9.0
2025-03-25 18:08:01,2.0,3.31,26.0,56.7,793,-50,9.0
2025-03-25 18:08:19,2.0,3.31,26.0,56.9,794,-49,10.0
2025-03-25 18:08:37,2.0,3.31,26.1,56.9,795,-50,9.0
2025-03-25 18:08:55,2.0,3.31,26.0,56.9,796,-49,10.0
2025-03-25 18:09:13,2.0,3.31,26.1,56.8,797,-50,10.0
2025-03-25 18:09:31,2.0,3.31,26.0,57.1,798,-49,9.0
2025-03-25 18:09:49,2.0,3.31,26.0,56.9,799,-49,10.0
2025-03-25 18:10:07,2.0,3.31,26.0,56.9,800,-50,9.0
2025-03-25 18:10:25,2.0,3.31,26.0,57.0,801,-49,9.0
2025-03-25 18:10:43,2.0,3.31,26.1,57.1,802,-49,9.0
2025-03-25 18:11:01,2.0,3.31,26.0,57.1,803,-49,10.0
2025-03-25 18:11:19,2.0,3.31,26.0,57.0,804,-49,9.0
2025-03-25 18:11:37,2.0,3.31,26.0,56.9,805,-50,9.0
2025-03-25 18:11:55,2.0,3.31,26.0,57.0,806,-49,10.0
2025-03-25 18:12:13,2.0,3.3,26.0,56.9,807,-49,9.0
2025-03-25 18:12:31,2.0,3.31,26.0,57.1,808,-49,9.0
2025-03-25 18:12:49,2.0,3.31,26.1,57.1,809,-50,9.0
2025-03-25 18:13:07,2.0,3.3,26.0,57.1,810,-49,10.0
2025-03-25 18:13:25,2.0,3.31,26.0,57.1,811,-50,10.0
2025-03-25 18:13:43,2.0,3.31,26.0,57.3,812,-50,9.0
2025-03-25 18:14:01,2.0,3.31,26.0,56.9,813,-50,9.0
2025-03-25 18:14:19,2.0,3.31,26.0,56.9,814,-50,10.0
2025-03-25 18:14:37,2.0,3.31,26.0,57.1,815,-49,9.0
2025-03-25 18:14:55,2.0,3.31,26.0,57.1,816,-50,9.0
2025-03-25 18:15:13,2.0,3.31,26.0,57.2,817,-50,9.0
2025-03-25 18:15:31,2.0,3.31,26.0,57.2,818,-49,9.0
2025-03-25 18:15:49,2.0,3.31,26.0,57.1,819,-49,9.0
2025-03-25 18:16:07,2.0,3.31,26.0,57.2,820,-50,10.0
2025-03-25 18:16:25,2.0,3.31,26.0,57.2,821,-50,10.0
2025-03-25 18:16:43,2.0,3.31,26.0,57.3,822,-49,10.0
2025-03-25 18:17:01,2.0,3.31,26.0,57.3,823,-50,10.0
2025-03-25 18:17:19,2.0,3.31,26.0,57.1,824,-50,9.0
2025-03-25 18:17:37,2.0,3.31,26.0,57.2,825,-50,9.0
2025-03-25 18:17:55,2.0,3.31,26.0,57.3,826,-49,9.0
2025-03-25 18:18:13,2.0,3.31,26.0,57.4,827,-49,10.0
2025-03-25 18:18:31,2.0,3.31,26.0,57.4,828,-49,10.0
2025-03-25 18:18:49,2.0,3.31,26.0,57.4,829,-50,9.0
2025-03-25 18:19:07,2.0,3.31,26.0,57.4,830,-50,9.0
2025-03-25 18:19:25,2.0,3.31,26.0,57.4,831,-50,10.0
2025-03-25 18:19:43,2.0,3.31,26.0,57.3,832,-50,9.0
2025-03-25 18:20:01,2.0,3.31,26.0,57.2,833,-50,10.0
2025-03-25 18:20:19,2.0,3.31,26.0,57.4,834,-50,10.0
2025-03-25 18:20:37,2.0,3.31,26.0,57.4,835,-50,10.0
2025-03-25 18:20:55,2.0,3.31,25.9,57.4,836,-50,9.0
2025-03-25 18:21:13,2.0,3.31,26.0,57.5,837,-51,10.0
2025-03-25 18:21:31,2.0,3.31,26.0,57.2,838,-50,10.0
2025-03-25 18:21:49,2.0,3.31,26.0,57.2,839,-50,10.0
2025-03-25 18:22:07,2.0,3.3,25.9,57.2,840,-50,9.0
2025-03-25 18:22:25,2.0,3.31,26.0,57.3,841,-50,10.0
2025-03-25 18:22:43,2.0,3.31,26.0,57.4,842,-50,9.0
2025-03-25 18:23:01,2.0,3.31,25.9,57.1,843,-50,9.0
2025-03-25 18:23:19,2.0,3.31,25.9,57.3,844,-51,9.0
2025-03-25 18:23:37,2.0,3.31,25.9,57.1,845,-51,10.0
2025-03-25 18:23:55,2.0,3.31,26.0,57.1,846,-51,10.0
2025-03-25 18:24:13,2.0,3.31,25.9,57.0,847,-51,9.0
2025-03-25 18:24:31,2.0,3.31,25.9,57.0,848,-51,9.0
2025-03-25 18:24:49,2.0,3.31,25.9,56.9,849,-51,9.0
2025-03-25 18:25:07,2.0,3.31,25.9,56.8,850,-51,10.0
2025-03-25 18:25:25,2.0,3.31,25.9,56.7,851,-51,10.0
2025-03-25 18:25:43,2.0,3.31,25.9,56.5,852,-51,9.0
2025-03-25 18:26:01,2.0,3.31,25.9,56.6,853,-51,10.0
2025-03-25 18:26:19,2.0,3.31,25.9,56.7,854,-51,9.0
2025-03-25 18:26:37,2.0,3.31,25.9,56.7,855,-51,9.0
2025-03-25 18:26:55,2.0,3.31,25.9,56.4,856,-51,9.0
2025-03-25 18:27:13,2.0,3.31,25.9,56.3,857,-51,9.0
2025-03-25 18:27:31,2.0,3.31,25.9,56.4,858,-51,9.0
2025-03-25 18:27:49,2.0,3.31,25.9,56.3,859,-51,10.0
2025-03-25 18:28:07,2.0,3.31,25.9,56.2,860,-51,10.0
2025-03-25 18:28:25,2.0,3.31,25.9,56.3,861,-51,10.0
2025-03-25 18:28:43,2.0,3.31,25.9,56.4,862,-51,10.0
2025-03-25 18:29:01,2.0,3.31,25.9,56.1,863,-51,10.0
2025-03-25 18:29:19,2.0,3.3,25.9,56.1,864,-51,10.0
2025-03-25 18:29:37,2.0,3.31,25.9,55.9,865,-51,10.0
2025-03-25 18:29:55,2.0,3.31,25.9,55.9,866,-52,9.0
2025-03-25 18:30:13,2.0,3.31,25.9,55.9,867,-51,10.0
2025-03-25 18:30:31,2.0,3.31,25.9,55.9,868,-51,10.0
2025-03-25 18:30:49,2.0,3.31,25.9,55.8,869,-52,10.0
2025-03-25 18:31:07,2.0,3.31,25.9,55.9,870,-51,9.0
2025-03-25 18:31:25,2.0,3.31,25.8,55.9,871,-51,9.0
2025-03-25 18:31:43,2.0,3.31,25.9,55.9,872,-51,10.0
2025-03-25 18:32:01,2.0,3.3,25.9,56.1,873,-51,10.0
2025-03-25 18:32:19,2.0,3.31,25.9,56.3,874,-51,10.0
2025-03-25 18:32:37,2.0,3.31,25.9,56.1,875,-51,10.0
2025-03-25 18:32:55,2.0,3.31,25.9,56.2,876,-51,9.0
2025-03-25 18:33:13,2.0,3.31,25.8,56.2,877,-51,9.0
2025-03-25 18:33:31,2.0,3.31,25.8,56.1,878,-51,10.0
2025-03-25 18:33:49,2.0,3.31,25.8,56.3,879,-51,10.0
2025-03-25 18:34:07,2.0,3.31,25.8,56.3,880,-51,9.0
2025-03-25 18:34:25,2.0,3.31,25.8,55.9,881,-51,10.0
2025-03-25 18:34:43,2.0,3.31,25.8,56.0,882,-51,9.0
2025-03-25 18:35:01,2.0,3.31,25.8,55.9,883,-51,9.0
2025-03-25 18:35:19,2.0,3.31,25.8,55.7,884,-51,9.0
2025-03-25 18:35:37,2.0,3.31,25.8,55.7,885,-51,10.0
2025-03-25 18:35:55,2.0,3.31,25.8,55.6,886,-51,9.0
2025-03-25 18:36:13,2.0,3.31,25.8,55.8,887,-51,10.0
2025-03-25 18:36:31,2.0,3.31,25.8,55.6,888,-51,10.0
2025-03-25 18:36:49,2.0,3.31,25.8,55.5,889,-52,10.0
2025-03-25 18:37:07,2.0,3.31,25.8,55.5,890,-52,9.0
2025-03-25 18:37:25,2.0,3.31,25.8,55.7,891,-51,10.0
2025-03-25 18:37:43,2.0,3.31,25.8,55.6,892,-51,9.0
2025-03-25 18:38:01,2.0,3.3,25.8,55.6,893,-51,10.0
2025-03-25 18:38:19,2.0,3.31,25.8,55.5,894,-51,9.0
2025-03-25 18:38:37,2.0,3.31,25.8,55.6,895,-51,9.0
2025-03-25 18:38:55,2.0,3.31,25.8,55.4,896,-51,9.0
2025-03-25 18:39:13,2.0,3.31,25.8,55.8,897,-51,10.0
2025-03-25 18:39:31,2.0,3.31,25.7,55.6,898,-51,9.0
2025-03-25 18:39:49,2.0,3.31,25.8,55.7,899,-51,10.0
2025-03-25 18:40:07,2.0,3.31,25.8,55.8,900,-51,10.0
2025-03-25 18:40:25,2.0,3.31,25.7,55.8,901,-51,9.0
2025-03-25 18:40:43,2.0,3.31,25.7,55.7,902,-51,10.0
2025-03-25 18:41:01,2.0,3.31,25.7,55.8,903,-51,9.0
2025-03-25 18:41:19,2.0,3.31,25.8,56.0,904,-52,9.0
2025-03-25 18:41:37,2.0,3.31,25.7,55.8,905,-51,10.0
2025-03-25 18:41:55,2.0,3.31,25.7,56.1,906,-51,10.0
2025-03-25 18:42:13,2.0,3.31,25.7,56.0,907,-51,9.0
2025-03-25 18:42:31,2.0,3.31,25.7,56.1,908,-51,10.0
2025-03-25 18:42:49,2.0,3.31,25.7,56.1,909,-51,10.0
2025-03-25 18:43:07,2.0,3.31,25.7,56.2,910,-52,10.0
2025-03-25 18:43:25,2.0,3.31,25.7,56.2,911,-51,10.0
2025-03-25 18:43:43,2.0,3.32,25.7,56.4,912,-51,10.0
2025-03-25 18:44:01,2.0,3.31,25.7,56.5,913,-52,9.0
2025-03-25 18:44:19,2.0,3.31,25.7,56.7,914,-51,9.0
2025-03-25 18:44:37,2.0,3.31,25.7,56.7,915,-51,10.0
2025-03-25 18:44:55,2.0,3.31,25.7,56.8,916,-51,10.0
2025-03-25 18:45:13,2.0,3.31,25.7,56.8,917,-51,9.0
2025-03-25 18:45:31,2.0,3.31,25.7,56.9,918,-52,9.0
2025-03-25 18:45:49,2.0,3.31,25.6,56.9,919,-51,9.0
2025-03-25 18:46:07,2.0,3.31,25.7,57.0,920,-51,9.0
2025-03-25 18:46:25,2.0,3.31,25.7,57.1,921,-51,10.0
2025-03-25 18:46:43,2.0,3.31,25.6,57.3,922,-51,10.0
2025-03-25 18:47:01,2.0,3.3,25.6,57.2,923,-52,9.0
2025-03-25 18:47:19,2.0,3.31,25.6,57.3,924,-51,9.0
2025-03-25 18:47:37,2.0,3.31,25.6,57.4,925,-51,10.0
2025-03-25 18:47:55,2.0,3.31,25.6,57.6,926,-51,9.0
2025-03-25 18:48:13,2.0,3.31,25.6,57.5,927,-51,9.0
2025-03-25 18:48:31,2.0,3.31,25.6,57.5,928,-51,10.0
2025-03-25 18:48:49,2.0,3.3,25.6,57.7,929,-52,10.0
2025-03-25 18:49:07,2.0,3.31,25.6,57.8,930,-51,10.0
2025-03-25 18:49:25,2.0,3.3,25.6,57.6,931,-51,9.0
2025-03-25 18:49:43,2.0,3.31,25.6,57.9,932,-51,9.0
2025-03-25 18:50:01,2.0,3.31,25.6,57.7,933,-51,10.0
2025-03-25 18:50:19,2.0,3.31,25.6,57.8,934,-51,9.0
2025-03-25 18:50:37,2.0,3.31,25.6,58.0,935,-51,9.0
2025-03-25 18:50:55,2.0,3.31,25.6,57.8,936,-51,10.0
2025-03-25 18:51:13,2.0,3.31,25.6,58.0,937,-51,9.0
2025-03-25 18:51:31,2.0,3.31,25.6,58.0,938,-51,9.0
2025-03-25 18:51:49,2.0,3.31,25.6,58.1,939,-51,10.0
2025-03-25 18:52:07,2.0,3.31,25.5,58.3,940,-51,9.0
2025-03-25 18:52:25,2.0,3.31,25.6,58.2,941,-51,10.0
2025-03-25 18:52:43,2.0,3.31,25.5,58.2,942,-51,10.0
2025-03-25 18:53:01,2.0,3.31,25.5,58.3,943,-51,9.0
2025-03-25 18:53:19,2.0,3.31,25.5,58.1,944,-51,10.0
2025-03-25 18:53:37,2.0,3.31,25.5,58.2,945,-52,9.0
2025-03-25 18:53:55,2.0,3.31,25.5,58.4,946,-51,10.0
2025-03-25 18:54:13,2.0,3.31,25.5,58.4,947,-51,10.0
2025-03-25 18:54:31,2.0,3.31,25.5,58.5,948,-52,10.0
2025-03-25 18:54:49,2.0,3.31,25.5,58.4,949,-51,9.0
2025-03-25 18:55:07,2.0,3.31,25.5,58.5,950,-51,10.0
2025-03-25 18:55:25,2.0,3.31,25.5,58.5,951,-51,10.0
2025-03-25 18:55:43,2.0,3.31,25.5,58.6,952,-52,10.0
2025-03-25 18:56:01,2.0,3.31,25.5,58.6,953,-52,10.0
2025-03-25 18:56:19,2.0,3.31,25.5,58.6,954,-52,9.0
2025-03-25 18:56:37,2.0,3.31,25.4,58.5,955,-51,9.0
2025-03-25 18:56:55,2.0,3.31,25.4,58.6,956,-51,9.0
2025-03-25 18:57:13,2.0,3.31,25.4,58.8,957,-52,9.0
2025-03-25 18:57:31,2.0,3.31,25.4,58.8,958,-52,9.0
2025-03-25 18:57:49,2.0,3.31,25.4,58.8,959,-52,10.0
2025-03-25 18:58:07,2.0,3.31,25.4,58.9,960,-51,9.0
2025-03-25 18:58:25,2.0,3.31,25.4,58.8,961,-51,10.0
2025-03-25 18:58:43,2.0,3.31,25.4,58.9,962,-51,9.0
2025-03-25 18:59:01,2.0,3.31,25.4,58.9,963,-51,10.0
2025-03-25 18:59:19,2.0,3.31,25.4,58.8,964,-51,9.0
2025-03-25 18:59:37,2.0,3.31,25.4,58.9,965,-51,9.0
2025-03-25 18:59:55,2.0,3.31,25.4,58.9,966,-51,10.0
2025-03-25 19:00:13,2.0,3.31,25.3,59.0,967,-52,9.0
2025-03-25 19:00:31,2.0,3.31,25.3,59.0,968,-52,10.0
2025-03-25 19:00:49,2.01,3.31,25.3,59.0,969,-51,10.0
2025-03-25 19:01:07,2.0,3.32,25.3,59.0,970,-52,10.0
2025-03-25 19:01:25,2.0,3.31,25.3,59.1,971,-51,9.0
2025-03-25 19:01:43,2.0,3.31,25.3,59.0,972,-52,10.0
2025-03-25 19:02:01,2.0,3.31,25.3,58.9,973,-51,10.0
2025-03-25 19:02:19,2.0,3.31,25.3,59.1,974,-51,9.0
2025-03-25 19:02:37,2.0,3.31,25.3,59.3,975,-51,10.0
2025-03-25 19:02:55,2.0,3.31,25.3,59.2,976,-52,9.0
2025-03-25 19:03:13,2.0,3.31,25.3,59.2,977,-51,10.0
2025-03-25 19:03:31,2.0,3.31,25.3,59.1,978,-52,10.0
2025-03-25 19:03:49,2.0,3.31,25.3,59.4,979,-52,9.0
2025-03-25 19:04:07,2.0,3.31,25.3,59.4,980,-52,9.0
2025-03-25 19:04:25,2.0,3.31,25.2,59.2,981,-51,10.0
2025-03-25 19:04:43,2.0,3.31,25.2,59.4,982,-51,9.0
2025-03-25 19:05:01,2.0,3.31,25.3,59.4,983,-51,10.0
2025-03-25 19:05:19,2.0,3.31,25.2,59.4,984,-52,10.0
2025-03-25 19:05:37,2.0,3.32,25.2,59.6,985,-51,10.0
2025-03-25 19:05:55,2.0,3.31,25.2,59.5,986,-51,9.0
2025-03-25 19:06:13,2.0,3.31,25.2,59.4,987,-52,10.0
2025-03-25 19:06:31,2.0,3.31,25.2,59.4,988,-52,10.0
2025-03-25 19:06:49,2.0,3.31,25.2,59.6,989,-51,9.0
2025-03-25 19:07:07,2.0,3.31,25.2,59.5,990,-52,9.0
2025-03-25 19:07:25,2.0,3.31,25.2,59.5,991,-51,10.0
2025-03-25 19:07:43,2.0,3.31,25.2,59.6,992,-51,10.0
2025-03-25 19:08:01,2.0,3.31,25.2,59.7,993,-52,10.0
2025-03-25 19:08:19,2.0,3.31,25.1,59.6,994,-51,10.0
2025-03-25 19:08:37,2.0,3.31,25.1,59.6,995,-52,10.0
2025-03-25 19:08:55,2.0,3.31,25.1,59.6,996,-51,10.0
2025-03-25 19:09:13,2.0,3.31,25.1,59.6,997,-52,10.0
2025-03-25 19:09:31,2.0,3.31,25.1,59.9,998,-52,9.0
2025-03-25 19:09:49,2.0,3.31,25.1,59.7,999,-51,10.0
2025-03-25 19:10:07,2.0,3.31,25.1,59.8,1000,-52,9.0
2025-03-25 19:10:25,2.0,3.31,25.1,59.8,1001,-52,9.0
2025-03-25 19:10:43,2.0,3.31,25.1,59.8,1002,-51,10.0
2025-03-25 19:11:01,2.0,3.31,25.1,59.8,1003,-52,10.0
2025-03-25 19:11:19,2.0,3.31,25.0,60.0,1004,-51,10.0
2025-03-25 19:11:37,2.0,3.31,25.0,59.9,1005,-52,9.0
2025-03-25 19:11:55,2.0,3.31,25.0,59.9,1006,-52,9.0
2025-03-25 19:12:13,2.0,3.31,25.0,59.9,1007,-51,10.0
2025-03-25 19:12:31,2.0,3.31,25.0,60.0,1008,-52,9.0
2025-03-25 19:12:49,2.0,3.31,25.0,60.0,1009,-51,9.0
2025-03-25 19:13:07,2.0,3.31,25.0,60.0,1010,-51,9.0
2025-03-25 19:13:25,2.0,3.31,25.0,59.9,1011,-52,9.0
2025-03-25 19:13:43,2.0,3.31,25.0,60.1,1012,-51,9.0
2025-03-25 19:14:01,2.0,3.31,25.0,60.1,1013,-51,9.0
2025-03-25 19:14:19,2.0,3.31,25.0,60.2,1014,-52,9.0
2025-03-25 19:14:37,2.0,3.31,25.0,60.1,1015,-51,10.0
2025-03-25 19:14:55,2.0,3.31,25.0,60.1,1016,-51,10.0
2025-03-25 19:15:13,2.0,3.31,25.0,60.2,1017,-51,9.0
2025-03-25 19:15:31,2.0,3.32,24.9,60.2,1018,-51,10.0
2025-03-25 19:15:49,2.0,3.31,24.9,60.1,1019,-51,10.0
2025-03-25 19:16:07,2.0,3.31,24.9,60.2,1020,-52,9.0
2025-03-25 19:16:25,2.0,3.31,24.9,60.1,1021,-51,9.0
2025-03-25 19:16:43,2.0,3.31,24.9,60.1,1022,-51,9.0
2025-03-25 19:17:01,2.0,3.31,24.9,60.2,1023,-51,9.0
2025-03-25 19:17:19,2.0,3.31,24.9,60.3,1024,-51,10.0
2025-03-25 19:17:37,2.0,3.31,24.9,60.3,1025,-52,9.0
2025-03-25 19:17:55,2.0,3.31,24.9,60.4,1026,-52,9.0
2025-03-25 19:18:13,2.0,3.31,24.9,60.3,1027,-51,10.0
2025-03-25 19:18:31,2.0,3.31,24.9,60.4,1028,-51,9.0
2025-03-25 19:18:49,2.0,3.32,24.9,60.2,1029,-51,9.0
2025-03-25 19:19:07,2.0,3.31,24.9,60.3,1030,-51,9.0
2025-03-25 19:19:25,2.0,3.31,24.8,60.3,1031,-51,9.0
2025-03-25 19:19:43,2.01,3.31,24.8,60.5,1032,-51,9.0
